-- Snapshot seed data for local development/demo.
-- Assumes all migrations have been applied (BIGINT identity PKs).
-- NOTE:
--   - Intentionally does NOT insert into photos table (no image assets available yet).
--   - Uses explicit integer ids compatible with GENERATED BY DEFAULT AS IDENTITY.

BEGIN;

TRUNCATE TABLE
  order_items,
  orders,
  reviews,
  photos,
  products,
  users
RESTART IDENTITY CASCADE;

INSERT INTO users (id, email, password_hash, full_name, role, created_at, updated_at) VALUES
  (1, 'alice@example.com', '$2a$10$7QJjzq3Y2G4d6R2iK5D6UOm2Gx1nA1m5aG7J3x4m0Y8pK9xT1Jp1W', 'Alice Nguyen', 'buyer',  NOW() - INTERVAL '20 days', NOW() - INTERVAL '1 day'),
  (2, 'bob@example.com',   '$2a$10$7QJjzq3Y2G4d6R2iK5D6UOm2Gx1nA1m5aG7J3x4m0Y8pK9xT1Jp1W', 'Bob Tran',     'seller', NOW() - INTERVAL '18 days', NOW() - INTERVAL '1 day'),
  (3, 'carol@example.com', '$2a$10$7QJjzq3Y2G4d6R2iK5D6UOm2Gx1nA1m5aG7J3x4m0Y8pK9xT1Jp1W', 'Carol Pham',   'buyer',  NOW() - INTERVAL '15 days', NOW() - INTERVAL '2 days'),
  (4, 'david@example.com', '$2a$10$7QJjzq3Y2G4d6R2iK5D6UOm2Gx1nA1m5aG7J3x4m0Y8pK9xT1Jp1W', 'David Le',     'admin',  NOW() - INTERVAL '10 days', NOW() - INTERVAL '3 days'),
  (5, 'emma@example.com',  '$2a$10$7QJjzq3Y2G4d6R2iK5D6UOm2Gx1nA1m5aG7J3x4m0Y8pK9xT1Jp1W', 'Emma Hoang',   'seller', NOW() - INTERVAL '8 days',  NOW() - INTERVAL '1 day');

SELECT setval(pg_get_serial_sequence('users', 'id'), (SELECT COALESCE(MAX(id), 1) FROM users));

INSERT INTO products (id, brand, name, description, price, category, created_at, updated_at) VALUES
  (1, 'CeraGlow', 'Hydrating Gel Cleanser', 'Gentle daily cleanser for normal to dry skin.', 12.50, 'cleanser', NOW() - INTERVAL '14 days', NOW() - INTERVAL '1 day'),
  (2, 'DermaCalm', 'Soothing Toner', 'Alcohol-free toner for sensitive skin.', 16.00, 'toner', NOW() - INTERVAL '14 days', NOW() - INTERVAL '2 days'),
  (3, 'SunAura', 'SPF50 Daily Sunscreen', 'Lightweight sunscreen with broad spectrum protection.', 22.90, 'sunscreen', NOW() - INTERVAL '13 days', NOW() - INTERVAL '1 day'),
  (4, 'PureLeaf', 'Niacinamide 10% Serum', 'Oil-control serum for uneven texture.', 19.90, 'serum', NOW() - INTERVAL '12 days', NOW() - INTERVAL '1 day'),
  (5, 'NightBloom', 'Retinol Night Cream', 'Beginner-friendly retinol cream for evening routine.', 29.90, 'moisturizer', NOW() - INTERVAL '12 days', NOW() - INTERVAL '2 days'),
  (6, 'AquaMist', 'Hyaluronic Essence', 'Hydration essence with multi-weight hyaluronic acid.', 24.50, 'essence', NOW() - INTERVAL '11 days', NOW() - INTERVAL '3 days'),
  (7, 'HerbalSkin', 'Tea Tree Spot Gel', 'Targeted gel for occasional blemishes.', 9.90, 'treatment', NOW() - INTERVAL '10 days', NOW() - INTERVAL '1 day'),
  (8, 'VelvetTouch', 'Ceramide Moisture Cream', 'Barrier-support cream for dry and sensitive skin.', 27.00, 'moisturizer', NOW() - INTERVAL '9 days', NOW() - INTERVAL '1 day');

SELECT setval(pg_get_serial_sequence('products', 'id'), (SELECT COALESCE(MAX(id), 1) FROM products));

INSERT INTO reviews (id, user_id, product_id, title, content, rating, status, ai_label, final_label, created_at, updated_at) VALUES
  (1, 1, 1, 'Great daily cleanser', 'Very gentle and does not dry my skin.', 5, 'done', true, true, NOW() - INTERVAL '7 days', NOW() - INTERVAL '6 days'),
  (2, 2, 3, 'No white cast', 'Absorbs quickly and works well under makeup.', 5, 'done', true, true, NOW() - INTERVAL '6 days', NOW() - INTERVAL '5 days'),
  (3, 3, 4, 'Helped oil control', 'Skin feels less greasy by midday.', 4, 'done', true, true, NOW() - INTERVAL '6 days', NOW() - INTERVAL '4 days'),
  (4, 4, 5, 'Too strong at first', 'Needed to use less often during first week.', 3, 'done', false, false, NOW() - INTERVAL '5 days', NOW() - INTERVAL '4 days'),
  (5, 5, 8, 'Very moisturizing', 'Worked well for my dry cheeks.', 5, 'done', true, true, NOW() - INTERVAL '4 days', NOW() - INTERVAL '3 days'),
  (6, 1, 6, 'Nice texture', 'Layers well with serum and cream.', 4, 'pending', NULL, NULL, NOW() - INTERVAL '3 days', NOW() - INTERVAL '3 days'),
  (7, 2, 7, 'Works on spots', 'Reduced redness overnight.', 4, 'pending', NULL, NULL, NOW() - INTERVAL '2 days', NOW() - INTERVAL '2 days'),
  (8, 3, 2, 'Calming toner', 'No irritation and smells neutral.', 5, 'done', true, true, NOW() - INTERVAL '5 days', NOW() - INTERVAL '3 days');

SELECT setval(pg_get_serial_sequence('reviews', 'id'), (SELECT COALESCE(MAX(id), 1) FROM reviews));

INSERT INTO orders (id, user_id, total_amount, status, created_at, updated_at) VALUES
  (1, 1, 35.40, 'completed', NOW() - INTERVAL '6 days', NOW() - INTERVAL '6 days'),
  (2, 2, 52.80, 'completed', NOW() - INTERVAL '5 days', NOW() - INTERVAL '5 days'),
  (3, 3, 19.90, 'pending',   NOW() - INTERVAL '2 days', NOW() - INTERVAL '2 days'),
  (4, 4, 24.50, 'cancelled', NOW() - INTERVAL '4 days', NOW() - INTERVAL '4 days'),
  (5, 5, 61.50, 'completed', NOW() - INTERVAL '3 days', NOW() - INTERVAL '3 days');

SELECT setval(pg_get_serial_sequence('orders', 'id'), (SELECT COALESCE(MAX(id), 1) FROM orders));

INSERT INTO order_items (id, order_id, product_id, quantity, unit_price, created_at) VALUES
  (1, 1, 1, 1, 12.50, NOW() - INTERVAL '6 days'),
  (2, 1, 3, 1, 22.90, NOW() - INTERVAL '6 days'),
  (3, 2, 8, 1, 27.00, NOW() - INTERVAL '5 days'),
  (4, 2, 4, 1, 19.90, NOW() - INTERVAL '5 days'),
  (5, 2, 7, 1, 9.90, NOW() - INTERVAL '5 days'),
  (6, 3, 4, 1, 19.90, NOW() - INTERVAL '2 days'),
  (7, 4, 6, 1, 24.50, NOW() - INTERVAL '4 days'),
  (8, 5, 8, 1, 27.00, NOW() - INTERVAL '3 days'),
  (9, 5, 3, 1, 22.90, NOW() - INTERVAL '3 days'),
  (10, 5, 1, 1, 12.50, NOW() - INTERVAL '3 days');

SELECT setval(pg_get_serial_sequence('order_items', 'id'), (SELECT COALESCE(MAX(id), 1) FROM order_items));

COMMIT;
